day,l,m,s
0,1,34.461799999999997,3.6859999999999997E-2
1,1,34.561999999999998,3.6560000000000002E-2
2,1,34.662199999999999,3.6249999999999998E-2
3,1,34.762500000000003,3.5950000000000003E-2
4,1,34.862699999999997,3.5639999999999998E-2
5,1,34.962899999999998,3.533E-2
6,1,35.063099999999999,3.5029999999999999E-2
7,1,35.163400000000003,3.4720000000000001E-2
8,1,35.263599999999997,3.4410000000000003E-2
9,1,35.363799999999998,3.4110000000000001E-2
10,1,35.463999999999999,3.3799999999999997E-2
11,1,35.564300000000003,3.3500000000000002E-2
12,1,35.664499999999997,3.3189999999999997E-2
13,1,35.764699999999998,3.288E-2
14,1,35.864899999999999,3.2579999999999998E-2
15,1,35.965200000000003,3.2480000000000002E-2
16,1,36.063200000000002,3.2390000000000002E-2
17,1,36.158999999999999,3.2300000000000002E-2
18,1,36.252600000000001,3.2210000000000003E-2
19,1,36.344099999999997,3.2129999999999999E-2
20,1,36.433799999999998,3.2050000000000002E-2
21,1,36.521599999999999,3.1969999999999998E-2
22,1,36.607799999999997,3.1890000000000002E-2
23,1,36.6922,3.1820000000000001E-2
24,1,36.775100000000002,3.175E-2
25,1,36.8566,3.168E-2
26,1,36.936599999999999,3.1609999999999999E-2
27,1,37.0152,3.1539999999999999E-2
28,1,37.092599999999997,3.1480000000000001E-2
29,1,37.168700000000001,3.141E-2
30,1,37.243499999999997,3.1350000000000003E-2
31,1,37.3172,3.1289999999999998E-2
32,1,37.389800000000001,3.1230000000000001E-2
33,1,37.461199999999998,3.1179999999999999E-2
34,1,37.531599999999997,3.1119999999999998E-2
35,1,37.600999999999999,3.107E-2
36,1,37.669400000000003,3.1009999999999999E-2
37,1,37.736800000000002,3.0960000000000001E-2
38,1,37.803400000000003,3.091E-2
39,1,37.869,3.0859999999999999E-2
40,1,37.933799999999998,3.0810000000000001E-2
41,1,37.997799999999998,3.0759999999999999E-2
42,1,38.060899999999997,3.0720000000000001E-2
43,1,38.1233,3.0669999999999999E-2
44,1,38.185000000000002,3.0620000000000001E-2
45,1,38.245899999999999,3.058E-2
46,1,38.306100000000001,3.0540000000000001E-2
47,1,38.365499999999997,3.049E-2
48,1,38.424300000000002,3.0450000000000001E-2
49,1,38.482399999999998,3.041E-2
50,1,38.539900000000003,3.0370000000000001E-2
51,1,38.596800000000002,3.0329999999999999E-2
52,1,38.652999999999999,3.0290000000000001E-2
53,1,38.7087,3.0249999999999999E-2
54,1,38.763800000000003,3.0210000000000001E-2
55,1,38.818300000000001,3.0179999999999998E-2
56,1,38.872399999999999,3.014E-2
57,1,38.925800000000002,3.0099999999999998E-2
58,1,38.9788,3.007E-2
59,1,39.031300000000002,3.0030000000000001E-2
60,1,39.083399999999997,0.03
61,1,39.134900000000002,2.997E-2
62,1,39.186100000000003,2.9929999999999998E-2
63,1,39.236800000000002,2.9899999999999999E-2
64,1,39.287100000000002,2.9870000000000001E-2
65,1,39.3369,2.9839999999999998E-2
66,1,39.386299999999999,2.981E-2
67,1,39.435299999999998,2.9780000000000001E-2
68,1,39.483800000000002,2.9749999999999999E-2
69,1,39.531999999999996,2.972E-2
70,1,39.579700000000003,2.9690000000000001E-2
71,1,39.627099999999999,2.9659999999999999E-2
72,1,39.673999999999999,2.963E-2
73,1,39.720599999999997,2.9610000000000001E-2
74,1,39.766800000000003,2.9579999999999999E-2
75,1,39.8127,2.955E-2
76,1,39.8581,2.9530000000000001E-2
77,1,39.903300000000002,2.9499999999999998E-2
78,1,39.948,2.9479999999999999E-2
79,1,39.992400000000004,2.945E-2
80,1,40.036499999999997,2.9430000000000001E-2
81,1,40.080300000000001,2.9399999999999999E-2
82,1,40.123699999999999,2.938E-2
83,1,40.166800000000002,2.9360000000000001E-2
84,1,40.209600000000002,2.9329999999999998E-2
85,1,40.252099999999999,2.9309999999999999E-2
86,1,40.2943,2.929E-2
87,1,40.336199999999998,2.9270000000000001E-2
88,1,40.377800000000001,2.9250000000000002E-2
89,1,40.4191,2.9219999999999999E-2
90,1,40.460099999999997,2.92E-2
91,1,40.500799999999998,2.9180000000000001E-2
92,1,40.5413,2.9159999999999998E-2
93,1,40.581499999999998,2.9139999999999999E-2
94,1,40.621400000000001,2.912E-2
95,1,40.661099999999998,2.9100000000000001E-2
96,1,40.700499999999998,2.9080000000000002E-2
97,1,40.739600000000003,2.9069999999999999E-2
98,1,40.778500000000001,2.9049999999999999E-2
99,1,40.8172,2.903E-2
100,1,40.855499999999999,2.9010000000000001E-2
101,1,40.893599999999999,2.8989999999999998E-2
102,1,40.9315,2.8979999999999999E-2
103,1,40.969099999999997,2.896E-2
104,1,41.006500000000003,2.894E-2
105,1,41.043599999999998,2.8930000000000001E-2
106,1,41.080500000000001,2.8910000000000002E-2
107,1,41.117199999999997,2.8889999999999999E-2
108,1,41.153599999999997,2.8879999999999999E-2
109,1,41.189799999999998,2.886E-2
110,1,41.225700000000003,2.8850000000000001E-2
111,1,41.261499999999998,2.8830000000000001E-2
112,1,41.296999999999997,2.8819999999999998E-2
113,1,41.332299999999996,2.8799999999999999E-2
114,1,41.3673,2.879E-2
115,1,41.402200000000001,2.877E-2
116,1,41.436799999999998,2.8760000000000001E-2
117,1,41.471200000000003,2.8750000000000001E-2
118,1,41.505400000000002,2.8729999999999999E-2
119,1,41.539400000000001,2.8719999999999999E-2
120,1,41.573099999999997,2.8709999999999999E-2
121,1,41.606699999999996,2.869E-2
122,1,41.640099999999997,2.8680000000000001E-2
123,1,41.673200000000001,2.8670000000000001E-2
124,1,41.706200000000003,2.8649999999999998E-2
125,1,41.738900000000001,2.8639999999999999E-2
126,1,41.771500000000003,2.8629999999999999E-2
127,1,41.803800000000003,2.862E-2
128,1,41.835999999999999,2.861E-2
129,1,41.868000000000002,2.8590000000000001E-2
130,1,41.899700000000003,2.8580000000000001E-2
131,1,41.9313,2.8570000000000002E-2
132,1,41.962699999999998,2.8559999999999999E-2
133,1,41.993899999999996,2.8549999999999999E-2
134,1,42.024900000000002,2.8539999999999999E-2
135,1,42.055700000000002,2.853E-2
136,1,42.086399999999998,2.852E-2
137,1,42.116799999999998,2.8510000000000001E-2
138,1,42.147100000000002,2.8500000000000001E-2
139,1,42.177199999999999,2.8490000000000001E-2
140,1,42.207099999999997,2.8479999999999998E-2
141,1,42.236800000000002,2.8469999999999999E-2
142,1,42.266399999999997,2.8459999999999999E-2
143,1,42.295699999999997,2.845E-2
144,1,42.3249,2.844E-2
145,1,42.353999999999999,2.843E-2
146,1,42.382800000000003,2.8420000000000001E-2
147,1,42.411499999999997,2.8410000000000001E-2
148,1,42.44,2.8400000000000002E-2
149,1,42.468400000000003,2.8389999999999999E-2
150,1,42.496499999999997,2.8389999999999999E-2
151,1,42.5246,2.8379999999999999E-2
152,1,42.552399999999999,2.8369999999999999E-2
153,1,42.580100000000002,2.836E-2
154,1,42.607599999999998,2.835E-2
155,1,42.634900000000002,2.835E-2
156,1,42.662100000000002,2.8340000000000001E-2
157,1,42.6892,2.8330000000000001E-2
158,1,42.716000000000001,2.8320000000000001E-2
159,1,42.742699999999999,2.8320000000000001E-2
160,1,42.769300000000001,2.8309999999999998E-2
161,1,42.795699999999997,2.8299999999999999E-2
162,1,42.821899999999999,2.8289999999999999E-2
163,1,42.847999999999999,2.8289999999999999E-2
164,1,42.874000000000002,2.828E-2
165,1,42.899700000000003,2.827E-2
166,1,42.925400000000003,2.827E-2
167,1,42.950899999999997,2.826E-2
168,1,42.976199999999999,2.8250000000000001E-2
169,1,43.001399999999997,2.8250000000000001E-2
170,1,43.026400000000002,2.8240000000000001E-2
171,1,43.051299999999998,2.8230000000000002E-2
172,1,43.076099999999997,2.8230000000000002E-2
173,1,43.100700000000003,2.8219999999999999E-2
174,1,43.1252,2.8219999999999999E-2
175,1,43.149500000000003,2.8209999999999999E-2
176,1,43.173699999999997,2.8199999999999999E-2
177,1,43.197800000000001,2.8199999999999999E-2
178,1,43.221699999999998,2.819E-2
179,1,43.2455,2.819E-2
180,1,43.269100000000002,2.818E-2
181,1,43.292700000000004,2.818E-2
182,1,43.316000000000003,2.8170000000000001E-2
183,1,43.339300000000001,2.8170000000000001E-2
184,1,43.362400000000001,2.8160000000000001E-2
185,1,43.385399999999997,2.8160000000000001E-2
186,1,43.408299999999997,2.8150000000000001E-2
187,1,43.430999999999997,2.8150000000000001E-2
188,1,43.453600000000002,2.8139999999999998E-2
189,1,43.476100000000002,2.8139999999999998E-2
190,1,43.498399999999997,2.8129999999999999E-2
191,1,43.520600000000002,2.8129999999999999E-2
192,1,43.542700000000004,2.8119999999999999E-2
193,1,43.564700000000002,2.8119999999999999E-2
194,1,43.586500000000001,2.811E-2
195,1,43.608199999999997,2.811E-2
196,1,43.629800000000003,2.81E-2
197,1,43.651299999999999,2.81E-2
198,1,43.672699999999999,2.81E-2
199,1,43.693899999999999,2.809E-2
200,1,43.715000000000003,2.809E-2
201,1,43.735999999999997,2.8080000000000001E-2
202,1,43.756900000000002,2.8080000000000001E-2
203,1,43.777700000000003,2.8080000000000001E-2
204,1,43.798299999999998,2.8070000000000001E-2
205,1,43.818800000000003,2.8070000000000001E-2
206,1,43.839300000000001,2.8070000000000001E-2
207,1,43.8596,2.8060000000000002E-2
208,1,43.879800000000003,2.8060000000000002E-2
209,1,43.899799999999999,2.8060000000000002E-2
210,1,43.919800000000002,2.8049999999999999E-2
211,1,43.939700000000002,2.8049999999999999E-2
212,1,43.959400000000002,2.8049999999999999E-2
213,1,43.979100000000003,2.8039999999999999E-2
214,1,43.998600000000003,2.8039999999999999E-2
215,1,44.018099999999997,2.8039999999999999E-2
216,1,44.037399999999998,2.8029999999999999E-2
217,1,44.056600000000003,2.8029999999999999E-2
218,1,44.075699999999998,2.8029999999999999E-2
219,1,44.094700000000003,2.802E-2
220,1,44.113599999999998,2.802E-2
221,1,44.1325,2.802E-2
222,1,44.151200000000003,2.801E-2
223,1,44.169800000000002,2.801E-2
224,1,44.188299999999998,2.801E-2
225,1,44.206699999999998,2.801E-2
226,1,44.225000000000001,2.8000000000000001E-2
227,1,44.243200000000002,2.8000000000000001E-2
228,1,44.261299999999999,2.8000000000000001E-2
229,1,44.279299999999999,2.8000000000000001E-2
230,1,44.297199999999997,2.7990000000000001E-2
231,1,44.314999999999998,2.7990000000000001E-2
232,1,44.332799999999999,2.7990000000000001E-2
233,1,44.3504,2.7990000000000001E-2
234,1,44.367899999999999,2.7980000000000001E-2
235,1,44.385399999999997,2.7980000000000001E-2
236,1,44.402700000000003,2.7980000000000001E-2
237,1,44.42,2.7980000000000001E-2
238,1,44.437199999999997,2.7980000000000001E-2
239,1,44.454300000000003,2.7969999999999998E-2
240,1,44.471299999999999,2.7969999999999998E-2
241,1,44.488199999999999,2.7969999999999998E-2
242,1,44.505000000000003,2.7969999999999998E-2
243,1,44.521700000000003,2.7969999999999998E-2
244,1,44.538400000000003,2.7959999999999999E-2
245,1,44.554900000000004,2.7959999999999999E-2
246,1,44.571399999999997,2.7959999999999999E-2
247,1,44.587800000000001,2.7959999999999999E-2
248,1,44.604100000000003,2.7959999999999999E-2
249,1,44.6203,2.7949999999999999E-2
250,1,44.636499999999998,2.7949999999999999E-2
251,1,44.652500000000003,2.7949999999999999E-2
252,1,44.668500000000002,2.7949999999999999E-2
253,1,44.684399999999997,2.7949999999999999E-2
254,1,44.700200000000002,2.7949999999999999E-2
255,1,44.716000000000001,2.794E-2
256,1,44.7316,2.794E-2
257,1,44.747199999999999,2.794E-2
258,1,44.762700000000002,2.794E-2
259,1,44.778100000000002,2.794E-2
260,1,44.793500000000002,2.794E-2
261,1,44.808799999999998,2.794E-2
262,1,44.823999999999998,2.793E-2
263,1,44.839100000000002,2.793E-2
264,1,44.854199999999999,2.793E-2
265,1,44.869100000000003,2.793E-2
266,1,44.884,2.793E-2
267,1,44.898899999999998,2.793E-2
268,1,44.913600000000002,2.793E-2
269,1,44.9283,2.793E-2
270,1,44.942900000000002,2.792E-2
271,1,44.957500000000003,2.792E-2
272,1,44.972000000000001,2.792E-2
273,1,44.986400000000003,2.792E-2
274,1,45.000700000000002,2.792E-2
275,1,45.015000000000001,2.792E-2
276,1,45.029200000000003,2.792E-2
277,1,45.043300000000002,2.792E-2
278,1,45.057299999999998,2.792E-2
279,1,45.071300000000001,2.7910000000000001E-2
280,1,45.085299999999997,2.7910000000000001E-2
281,1,45.0991,2.7910000000000001E-2
282,1,45.112900000000003,2.7910000000000001E-2
283,1,45.1267,2.7910000000000001E-2
284,1,45.140300000000003,2.7910000000000001E-2
285,1,45.1539,2.7910000000000001E-2
286,1,45.167400000000001,2.7910000000000001E-2
287,1,45.180900000000001,2.7910000000000001E-2
288,1,45.194299999999998,2.7910000000000001E-2
289,1,45.207700000000003,2.7910000000000001E-2
290,1,45.2209,2.7910000000000001E-2
291,1,45.234099999999998,2.7900000000000001E-2
292,1,45.247300000000003,2.7900000000000001E-2
293,1,45.260399999999997,2.7900000000000001E-2
294,1,45.273400000000002,2.7900000000000001E-2
295,1,45.2864,2.7900000000000001E-2
296,1,45.299300000000002,2.7900000000000001E-2
297,1,45.312100000000001,2.7900000000000001E-2
298,1,45.3249,2.7900000000000001E-2
299,1,45.337699999999998,2.7900000000000001E-2
300,1,45.350299999999997,2.7900000000000001E-2
301,1,45.362900000000003,2.7900000000000001E-2
302,1,45.375500000000002,2.7900000000000001E-2
303,1,45.387999999999998,2.7900000000000001E-2
304,1,45.400399999999998,2.7900000000000001E-2
305,1,45.412799999999997,2.7900000000000001E-2
306,1,45.4251,2.7900000000000001E-2
307,1,45.437399999999997,2.7890000000000002E-2
308,1,45.449599999999997,2.7890000000000002E-2
309,1,45.461799999999997,2.7890000000000002E-2
310,1,45.4739,2.7890000000000002E-2
311,1,45.485900000000001,2.7890000000000002E-2
312,1,45.497900000000001,2.7890000000000002E-2
313,1,45.509799999999998,2.7890000000000002E-2
314,1,45.521700000000003,2.7890000000000002E-2
315,1,45.5336,2.7890000000000002E-2
316,1,45.545299999999997,2.7890000000000002E-2
317,1,45.557099999999998,2.7890000000000002E-2
318,1,45.5687,2.7890000000000002E-2
319,1,45.580300000000001,2.7890000000000002E-2
320,1,45.591900000000003,2.7890000000000002E-2
321,1,45.603400000000001,2.7890000000000002E-2
322,1,45.614899999999999,2.7890000000000002E-2
323,1,45.626300000000001,2.7890000000000002E-2
324,1,45.637599999999999,2.7890000000000002E-2
325,1,45.648899999999998,2.7890000000000002E-2
326,1,45.660200000000003,2.7890000000000002E-2
327,1,45.671399999999998,2.7890000000000002E-2
328,1,45.682600000000001,2.7890000000000002E-2
329,1,45.6937,2.7890000000000002E-2
330,1,45.704700000000003,2.7890000000000002E-2
331,1,45.715800000000002,2.7890000000000002E-2
332,1,45.726700000000001,2.7890000000000002E-2
333,1,45.7376,2.7890000000000002E-2
334,1,45.7485,2.7890000000000002E-2
335,1,45.759300000000003,2.7890000000000002E-2
336,1,45.770099999999999,2.7890000000000002E-2
337,1,45.780799999999999,2.7890000000000002E-2
338,1,45.791499999999999,2.7890000000000002E-2
339,1,45.802199999999999,2.7890000000000002E-2
340,1,45.812800000000003,2.7890000000000002E-2
341,1,45.823300000000003,2.7879999999999999E-2
342,1,45.833799999999997,2.7879999999999999E-2
343,1,45.844299999999997,2.7879999999999999E-2
344,1,45.854700000000001,2.7879999999999999E-2
345,1,45.865099999999998,2.7879999999999999E-2
346,1,45.875399999999999,2.7879999999999999E-2
347,1,45.8857,2.7879999999999999E-2
348,1,45.895899999999997,2.7879999999999999E-2
349,1,45.906100000000002,2.7879999999999999E-2
350,1,45.9163,2.7879999999999999E-2
351,1,45.926400000000001,2.7879999999999999E-2
352,1,45.936399999999999,2.7879999999999999E-2
353,1,45.9465,2.7879999999999999E-2
354,1,45.956499999999998,2.7879999999999999E-2
355,1,45.9664,2.7879999999999999E-2
356,1,45.976300000000002,2.7879999999999999E-2
357,1,45.986199999999997,2.7879999999999999E-2
358,1,45.996000000000002,2.7879999999999999E-2
359,1,46.005800000000001,2.7879999999999999E-2
360,1,46.015500000000003,2.7879999999999999E-2
361,1,46.025199999999998,2.7879999999999999E-2
362,1,46.0349,2.7890000000000002E-2
363,1,46.044499999999999,2.7890000000000002E-2
364,1,46.054099999999998,2.7890000000000002E-2
365,1,46.063699999999997,2.7890000000000002E-2
366,1,46.0732,2.7890000000000002E-2
367,1,46.082700000000003,2.7890000000000002E-2
368,1,46.092100000000002,2.7890000000000002E-2
369,1,46.101500000000001,2.7890000000000002E-2
370,1,46.110900000000001,2.7890000000000002E-2
371,1,46.120199999999997,2.7890000000000002E-2
372,1,46.1295,2.7890000000000002E-2
373,1,46.1387,2.7890000000000002E-2
374,1,46.148000000000003,2.7890000000000002E-2
375,1,46.157200000000003,2.7890000000000002E-2
376,1,46.1663,2.7890000000000002E-2
377,1,46.175400000000003,2.7890000000000002E-2
378,1,46.1845,2.7890000000000002E-2
379,1,46.1935,2.7890000000000002E-2
380,1,46.202500000000001,2.7890000000000002E-2
381,1,46.211500000000001,2.7890000000000002E-2
382,1,46.220399999999998,2.7890000000000002E-2
383,1,46.229399999999998,2.7890000000000002E-2
384,1,46.238199999999999,2.7890000000000002E-2
385,1,46.247100000000003,2.7890000000000002E-2
386,1,46.255899999999997,2.7890000000000002E-2
387,1,46.264600000000002,2.7890000000000002E-2
388,1,46.273400000000002,2.7890000000000002E-2
389,1,46.2821,2.7890000000000002E-2
390,1,46.290799999999997,2.7890000000000002E-2
391,1,46.299399999999999,2.7890000000000002E-2
392,1,46.308,2.7890000000000002E-2
393,1,46.316600000000001,2.7890000000000002E-2
394,1,46.325099999999999,2.7890000000000002E-2
395,1,46.3337,2.7890000000000002E-2
396,1,46.342100000000002,2.7890000000000002E-2
397,1,46.3506,2.7890000000000002E-2
398,1,46.359000000000002,2.7890000000000002E-2
399,1,46.367400000000004,2.7890000000000002E-2
400,1,46.375799999999998,2.7890000000000002E-2
401,1,46.384099999999997,2.7890000000000002E-2
402,1,46.392400000000002,2.7900000000000001E-2
403,1,46.400700000000001,2.7900000000000001E-2
404,1,46.408999999999999,2.7900000000000001E-2
405,1,46.417200000000001,2.7900000000000001E-2
406,1,46.425400000000003,2.7900000000000001E-2
407,1,46.433500000000002,2.7900000000000001E-2
408,1,46.441699999999997,2.7900000000000001E-2
409,1,46.449800000000003,2.7900000000000001E-2
410,1,46.457799999999999,2.7900000000000001E-2
411,1,46.465899999999998,2.7900000000000001E-2
412,1,46.4739,2.7900000000000001E-2
413,1,46.481900000000003,2.7900000000000001E-2
414,1,46.489899999999999,2.7900000000000001E-2
415,1,46.497799999999998,2.7900000000000001E-2
416,1,46.505699999999997,2.7900000000000001E-2
417,1,46.513599999999997,2.7900000000000001E-2
418,1,46.521500000000003,2.7900000000000001E-2
419,1,46.529299999999999,2.7900000000000001E-2
420,1,46.537100000000002,2.7900000000000001E-2
421,1,46.544899999999998,2.7900000000000001E-2
422,1,46.552700000000002,2.7900000000000001E-2
423,1,46.560400000000001,2.7900000000000001E-2
424,1,46.568100000000001,2.7900000000000001E-2
425,1,46.575800000000001,2.7910000000000001E-2
426,1,46.583399999999997,2.7910000000000001E-2
427,1,46.591000000000001,2.7910000000000001E-2
428,1,46.598700000000001,2.7910000000000001E-2
429,1,46.606200000000001,2.7910000000000001E-2
430,1,46.613799999999998,2.7910000000000001E-2
431,1,46.621299999999998,2.7910000000000001E-2
432,1,46.628799999999998,2.7910000000000001E-2
433,1,46.636299999999999,2.7910000000000001E-2
434,1,46.643799999999999,2.7910000000000001E-2
435,1,46.651200000000003,2.7910000000000001E-2
436,1,46.6586,2.7910000000000001E-2
437,1,46.665999999999997,2.7910000000000001E-2
438,1,46.673400000000001,2.7910000000000001E-2
439,1,46.680700000000002,2.7910000000000001E-2
440,1,46.688000000000002,2.7910000000000001E-2
441,1,46.695300000000003,2.7910000000000001E-2
442,1,46.702599999999997,2.7910000000000001E-2
443,1,46.709800000000001,2.792E-2
444,1,46.717100000000002,2.792E-2
445,1,46.724299999999999,2.792E-2
446,1,46.731400000000001,2.792E-2
447,1,46.738599999999998,2.792E-2
448,1,46.745699999999999,2.792E-2
449,1,46.752899999999997,2.792E-2
450,1,46.76,2.792E-2
451,1,46.767000000000003,2.792E-2
452,1,46.774099999999997,2.792E-2
453,1,46.781100000000002,2.792E-2
454,1,46.7881,2.792E-2
455,1,46.795099999999998,2.792E-2
456,1,46.802100000000003,2.792E-2
457,1,46.808999999999997,2.792E-2
458,1,46.816000000000003,2.792E-2
459,1,46.822899999999997,2.793E-2
460,1,46.829799999999999,2.793E-2
461,1,46.836599999999997,2.793E-2
462,1,46.843499999999999,2.793E-2
463,1,46.850299999999997,2.793E-2
464,1,46.857100000000003,2.793E-2
465,1,46.863900000000001,2.793E-2
466,1,46.870699999999999,2.793E-2
467,1,46.877499999999998,2.793E-2
468,1,46.8842,2.793E-2
469,1,46.890900000000002,2.793E-2
470,1,46.897599999999997,2.793E-2
471,1,46.904299999999999,2.793E-2
472,1,46.911000000000001,2.793E-2
473,1,46.9176,2.794E-2
474,1,46.924199999999999,2.794E-2
475,1,46.930799999999998,2.794E-2
476,1,46.937399999999997,2.794E-2
477,1,46.944000000000003,2.794E-2
478,1,46.950499999999998,2.794E-2
479,1,46.957099999999997,2.794E-2
480,1,46.9636,2.794E-2
481,1,46.970100000000002,2.794E-2
482,1,46.976599999999998,2.794E-2
483,1,46.9831,2.794E-2
484,1,46.9895,2.794E-2
485,1,46.996000000000002,2.794E-2
486,1,47.002400000000002,2.7949999999999999E-2
487,1,47.008800000000001,2.7949999999999999E-2
488,1,47.0152,2.7949999999999999E-2
489,1,47.021500000000003,2.7949999999999999E-2
490,1,47.027900000000002,2.7949999999999999E-2
491,1,47.034199999999998,2.7949999999999999E-2
492,1,47.040500000000002,2.7949999999999999E-2
493,1,47.046799999999998,2.7949999999999999E-2
494,1,47.053100000000001,2.7949999999999999E-2
495,1,47.059399999999997,2.7949999999999999E-2
496,1,47.0657,2.7949999999999999E-2
497,1,47.071899999999999,2.7949999999999999E-2
498,1,47.078099999999999,2.7949999999999999E-2
499,1,47.084299999999999,2.7959999999999999E-2
500,1,47.090499999999999,2.7959999999999999E-2
501,1,47.096699999999998,2.7959999999999999E-2
502,1,47.102899999999998,2.7959999999999999E-2
503,1,47.109000000000002,2.7959999999999999E-2
504,1,47.115200000000002,2.7959999999999999E-2
505,1,47.121299999999998,2.7959999999999999E-2
506,1,47.127400000000002,2.7959999999999999E-2
507,1,47.133499999999998,2.7959999999999999E-2
508,1,47.139600000000002,2.7959999999999999E-2
509,1,47.145600000000002,2.7959999999999999E-2
510,1,47.151699999999998,2.7959999999999999E-2
511,1,47.157699999999998,2.7969999999999998E-2
512,1,47.163699999999999,2.7969999999999998E-2
513,1,47.169699999999999,2.7969999999999998E-2
514,1,47.175699999999999,2.7969999999999998E-2
515,1,47.181699999999999,2.7969999999999998E-2
516,1,47.1877,2.7969999999999998E-2
517,1,47.193600000000004,2.7969999999999998E-2
518,1,47.1995,2.7969999999999998E-2
519,1,47.205500000000001,2.7969999999999998E-2
520,1,47.211399999999998,2.7969999999999998E-2
521,1,47.217300000000002,2.7969999999999998E-2
522,1,47.223199999999999,2.7969999999999998E-2
523,1,47.228999999999999,2.7980000000000001E-2
524,1,47.234900000000003,2.7980000000000001E-2
525,1,47.240699999999997,2.7980000000000001E-2
526,1,47.246600000000001,2.7980000000000001E-2
527,1,47.252400000000002,2.7980000000000001E-2
528,1,47.258200000000002,2.7980000000000001E-2
529,1,47.264000000000003,2.7980000000000001E-2
530,1,47.269799999999996,2.7980000000000001E-2
531,1,47.275500000000001,2.7980000000000001E-2
532,1,47.281300000000002,2.7980000000000001E-2
533,1,47.286999999999999,2.7980000000000001E-2
534,1,47.2928,2.7990000000000001E-2
535,1,47.298499999999997,2.7990000000000001E-2
536,1,47.304200000000002,2.7990000000000001E-2
537,1,47.309899999999999,2.7990000000000001E-2
538,1,47.315600000000003,2.7990000000000001E-2
539,1,47.321300000000001,2.7990000000000001E-2
540,1,47.326900000000002,2.7990000000000001E-2
541,1,47.332599999999999,2.7990000000000001E-2
542,1,47.338200000000001,2.7990000000000001E-2
543,1,47.343800000000002,2.7990000000000001E-2
544,1,47.349400000000003,2.8000000000000001E-2
545,1,47.3551,2.8000000000000001E-2
546,1,47.360599999999998,2.8000000000000001E-2
547,1,47.366199999999999,2.8000000000000001E-2
548,1,47.3718,2.8000000000000001E-2
549,1,47.377400000000002,2.8000000000000001E-2
550,1,47.382899999999999,2.8000000000000001E-2
551,1,47.388399999999997,2.8000000000000001E-2
552,1,47.393999999999998,2.8000000000000001E-2
553,1,47.399500000000003,2.8000000000000001E-2
554,1,47.405000000000001,2.8000000000000001E-2
555,1,47.410499999999999,2.801E-2
556,1,47.415999999999997,2.801E-2
557,1,47.421500000000002,2.801E-2
558,1,47.426900000000003,2.801E-2
559,1,47.432400000000001,2.801E-2
560,1,47.437800000000003,2.801E-2
561,1,47.443199999999997,2.801E-2
562,1,47.448700000000002,2.801E-2
563,1,47.454099999999997,2.801E-2
564,1,47.459499999999998,2.801E-2
565,1,47.4649,2.802E-2
566,1,47.470300000000002,2.802E-2
567,1,47.4756,2.802E-2
568,1,47.481000000000002,2.802E-2
569,1,47.4863,2.802E-2
570,1,47.491700000000002,2.802E-2
571,1,47.497,2.802E-2
572,1,47.502299999999998,2.802E-2
573,1,47.5077,2.802E-2
574,1,47.512999999999998,2.802E-2
575,1,47.518300000000004,2.8029999999999999E-2
576,1,47.523600000000002,2.8029999999999999E-2
577,1,47.528799999999997,2.8029999999999999E-2
578,1,47.534100000000002,2.8029999999999999E-2
579,1,47.539400000000001,2.8029999999999999E-2
580,1,47.544600000000003,2.8029999999999999E-2
581,1,47.549799999999998,2.8029999999999999E-2
582,1,47.555100000000003,2.8029999999999999E-2
583,1,47.560299999999998,2.8029999999999999E-2
584,1,47.5655,2.8039999999999999E-2
585,1,47.570700000000002,2.8039999999999999E-2
586,1,47.575899999999997,2.8039999999999999E-2
587,1,47.581099999999999,2.8039999999999999E-2
588,1,47.586300000000001,2.8039999999999999E-2
589,1,47.591500000000003,2.8039999999999999E-2
590,1,47.596600000000002,2.8039999999999999E-2
591,1,47.601799999999997,2.8039999999999999E-2
592,1,47.606900000000003,2.8039999999999999E-2
593,1,47.612000000000002,2.8049999999999999E-2
594,1,47.617199999999997,2.8049999999999999E-2
595,1,47.622300000000003,2.8049999999999999E-2
596,1,47.627400000000002,2.8049999999999999E-2
597,1,47.6325,2.8049999999999999E-2
598,1,47.637599999999999,2.8049999999999999E-2
599,1,47.642699999999998,2.8049999999999999E-2
600,1,47.647799999999997,2.8049999999999999E-2
601,1,47.652799999999999,2.8049999999999999E-2
602,1,47.657899999999998,2.8049999999999999E-2
603,1,47.662999999999997,2.8060000000000002E-2
604,1,47.667999999999999,2.8060000000000002E-2
605,1,47.673000000000002,2.8060000000000002E-2
606,1,47.678100000000001,2.8060000000000002E-2
607,1,47.683100000000003,2.8060000000000002E-2
608,1,47.688099999999999,2.8060000000000002E-2
609,1,47.693100000000001,2.8060000000000002E-2
610,1,47.698099999999997,2.8060000000000002E-2
611,1,47.703099999999999,2.8060000000000002E-2
612,1,47.708100000000002,2.8070000000000001E-2
613,1,47.713099999999997,2.8070000000000001E-2
614,1,47.718000000000004,2.8070000000000001E-2
615,1,47.722999999999999,2.8070000000000001E-2
616,1,47.728000000000002,2.8070000000000001E-2
617,1,47.732900000000001,2.8070000000000001E-2
618,1,47.7378,2.8070000000000001E-2
619,1,47.742800000000003,2.8070000000000001E-2
620,1,47.747700000000002,2.8080000000000001E-2
621,1,47.752600000000001,2.8080000000000001E-2
622,1,47.7575,2.8080000000000001E-2
623,1,47.7624,2.8080000000000001E-2
624,1,47.767299999999999,2.8080000000000001E-2
625,1,47.772199999999998,2.8080000000000001E-2
626,1,47.777099999999997,2.8080000000000001E-2
627,1,47.781999999999996,2.8080000000000001E-2
628,1,47.786799999999999,2.8080000000000001E-2
629,1,47.791699999999999,2.809E-2
630,1,47.796500000000002,2.809E-2
631,1,47.801400000000001,2.809E-2
632,1,47.806199999999997,2.809E-2
633,1,47.811,2.809E-2
634,1,47.815899999999999,2.809E-2
635,1,47.820700000000002,2.809E-2
636,1,47.825499999999998,2.809E-2
637,1,47.830300000000001,2.81E-2
638,1,47.835099999999997,2.81E-2
639,1,47.8399,2.81E-2
640,1,47.8446,2.81E-2
641,1,47.849400000000003,2.81E-2
642,1,47.854199999999999,2.81E-2
643,1,47.859000000000002,2.81E-2
644,1,47.863700000000001,2.81E-2
645,1,47.868499999999997,2.81E-2
646,1,47.873199999999997,2.811E-2
647,1,47.877899999999997,2.811E-2
648,1,47.8827,2.811E-2
649,1,47.8874,2.811E-2
650,1,47.892099999999999,2.811E-2
651,1,47.896799999999999,2.811E-2
652,1,47.901499999999999,2.811E-2
653,1,47.906199999999998,2.811E-2
654,1,47.910899999999998,2.8119999999999999E-2
655,1,47.915599999999998,2.8119999999999999E-2
656,1,47.920200000000001,2.8119999999999999E-2
657,1,47.924900000000001,2.8119999999999999E-2
658,1,47.929600000000001,2.8119999999999999E-2
659,1,47.934199999999997,2.8119999999999999E-2
660,1,47.938899999999997,2.8119999999999999E-2
661,1,47.9435,2.8119999999999999E-2
662,1,47.9482,2.8129999999999999E-2
663,1,47.952800000000003,2.8129999999999999E-2
664,1,47.9574,2.8129999999999999E-2
665,1,47.962000000000003,2.8129999999999999E-2
666,1,47.9666,2.8129999999999999E-2
667,1,47.971299999999999,2.8129999999999999E-2
668,1,47.975900000000003,2.8129999999999999E-2
669,1,47.980400000000003,2.8129999999999999E-2
670,1,47.984999999999999,2.8139999999999998E-2
671,1,47.989600000000003,2.8139999999999998E-2
672,1,47.994199999999999,2.8139999999999998E-2
673,1,47.998800000000003,2.8139999999999998E-2
674,1,48.003300000000003,2.8139999999999998E-2
675,1,48.007899999999999,2.8139999999999998E-2
676,1,48.0124,2.8139999999999998E-2
677,1,48.017000000000003,2.8139999999999998E-2
678,1,48.021500000000003,2.8150000000000001E-2
679,1,48.026000000000003,2.8150000000000001E-2
680,1,48.0306,2.8150000000000001E-2
681,1,48.0351,2.8150000000000001E-2
682,1,48.0396,2.8150000000000001E-2
683,1,48.0441,2.8150000000000001E-2
684,1,48.0486,2.8150000000000001E-2
685,1,48.053100000000001,2.8150000000000001E-2
686,1,48.057600000000001,2.8160000000000001E-2
687,1,48.062100000000001,2.8160000000000001E-2
688,1,48.066600000000001,2.8160000000000001E-2
689,1,48.070999999999998,2.8160000000000001E-2
690,1,48.075499999999998,2.8160000000000001E-2
691,1,48.08,2.8160000000000001E-2
692,1,48.084400000000002,2.8160000000000001E-2
693,1,48.088900000000002,2.8160000000000001E-2
694,1,48.093299999999999,2.8170000000000001E-2
695,1,48.097700000000003,2.8170000000000001E-2
696,1,48.102200000000003,2.8170000000000001E-2
697,1,48.1066,2.8170000000000001E-2
698,1,48.110999999999997,2.8170000000000001E-2
699,1,48.115400000000001,2.8170000000000001E-2
700,1,48.119799999999998,2.8170000000000001E-2
701,1,48.124200000000002,2.8170000000000001E-2
702,1,48.128599999999999,2.818E-2
703,1,48.133000000000003,2.818E-2
704,1,48.1374,2.818E-2
705,1,48.141800000000003,2.818E-2
706,1,48.1462,2.818E-2
707,1,48.150500000000001,2.818E-2
708,1,48.154899999999998,2.818E-2
709,1,48.159199999999998,2.819E-2
710,1,48.163600000000002,2.819E-2
711,1,48.167900000000003,2.819E-2
712,1,48.1723,2.819E-2
713,1,48.176600000000001,2.819E-2
714,1,48.180900000000001,2.819E-2
715,1,48.185299999999998,2.819E-2
716,1,48.189599999999999,2.819E-2
717,1,48.193899999999999,2.8199999999999999E-2
718,1,48.1982,2.8199999999999999E-2
719,1,48.202500000000001,2.8199999999999999E-2
720,1,48.206800000000001,2.8199999999999999E-2
721,1,48.211100000000002,2.8199999999999999E-2
722,1,48.215299999999999,2.8199999999999999E-2
723,1,48.2196,2.8199999999999999E-2
724,1,48.2239,2.8199999999999999E-2
725,1,48.228200000000001,2.8209999999999999E-2
726,1,48.232399999999998,2.8209999999999999E-2
727,1,48.236699999999999,2.8209999999999999E-2
728,1,48.240900000000003,2.8209999999999999E-2
729,1,48.245199999999997,2.8209999999999999E-2
730,1,48.249400000000001,2.8209999999999999E-2
731,1,48.253599999999999,2.8209999999999999E-2
732,1,48.257899999999999,2.8219999999999999E-2
733,1,48.262099999999997,2.8219999999999999E-2
734,1,48.266300000000001,2.8219999999999999E-2
735,1,48.270499999999998,2.8219999999999999E-2
736,1,48.274700000000003,2.8219999999999999E-2
737,1,48.2789,2.8219999999999999E-2
738,1,48.283099999999997,2.8219999999999999E-2
739,1,48.287300000000002,2.8230000000000002E-2
740,1,48.291499999999999,2.8230000000000002E-2
741,1,48.2956,2.8230000000000002E-2
742,1,48.299799999999998,2.8230000000000002E-2
743,1,48.304000000000002,2.8230000000000002E-2
744,1,48.308100000000003,2.8230000000000002E-2
745,1,48.3123,2.8230000000000002E-2
746,1,48.316400000000002,2.8230000000000002E-2
747,1,48.320599999999999,2.8240000000000001E-2
748,1,48.3247,2.8240000000000001E-2
749,1,48.328800000000001,2.8240000000000001E-2
750,1,48.332999999999998,2.8240000000000001E-2
751,1,48.3371,2.8240000000000001E-2
752,1,48.341200000000001,2.8240000000000001E-2
753,1,48.345300000000002,2.8240000000000001E-2
754,1,48.349400000000003,2.8250000000000001E-2
755,1,48.353499999999997,2.8250000000000001E-2
756,1,48.357599999999998,2.8250000000000001E-2
757,1,48.361699999999999,2.8250000000000001E-2
758,1,48.3658,2.8250000000000001E-2
759,1,48.369900000000001,2.8250000000000001E-2
760,1,48.373899999999999,2.8250000000000001E-2
761,1,48.378,2.8250000000000001E-2
762,1,48.382100000000001,2.826E-2
763,1,48.386099999999999,2.826E-2
764,1,48.3902,2.826E-2
765,1,48.394199999999998,2.826E-2
766,1,48.398200000000003,2.826E-2
767,1,48.402299999999997,2.826E-2
768,1,48.406300000000002,2.826E-2
769,1,48.410299999999999,2.827E-2
770,1,48.414299999999997,2.827E-2
771,1,48.418399999999998,2.827E-2
772,1,48.422400000000003,2.827E-2
773,1,48.426400000000001,2.827E-2
774,1,48.430399999999999,2.827E-2
775,1,48.4343,2.827E-2
776,1,48.438299999999998,2.828E-2
777,1,48.442300000000003,2.828E-2
778,1,48.446300000000001,2.828E-2
779,1,48.450200000000002,2.828E-2
780,1,48.4542,2.828E-2
781,1,48.458199999999998,2.828E-2
782,1,48.4621,2.828E-2
783,1,48.466099999999997,2.8289999999999999E-2
784,1,48.47,2.8289999999999999E-2
785,1,48.4739,2.8289999999999999E-2
786,1,48.477899999999998,2.8289999999999999E-2
787,1,48.4818,2.8289999999999999E-2
788,1,48.485700000000001,2.8289999999999999E-2
789,1,48.489600000000003,2.8289999999999999E-2
790,1,48.493499999999997,2.8289999999999999E-2
791,1,48.497399999999999,2.8299999999999999E-2
792,1,48.501300000000001,2.8299999999999999E-2
793,1,48.505200000000002,2.8299999999999999E-2
794,1,48.509099999999997,2.8299999999999999E-2
795,1,48.512999999999998,2.8299999999999999E-2
796,1,48.5169,2.8299999999999999E-2
797,1,48.520699999999998,2.8299999999999999E-2
798,1,48.5246,2.8309999999999998E-2
799,1,48.528500000000001,2.8309999999999998E-2
800,1,48.532299999999999,2.8309999999999998E-2
801,1,48.536200000000001,2.8309999999999998E-2
802,1,48.54,2.8309999999999998E-2
803,1,48.543799999999997,2.8309999999999998E-2
804,1,48.547699999999999,2.8309999999999998E-2
805,1,48.551499999999997,2.8320000000000001E-2
806,1,48.555300000000003,2.8320000000000001E-2
807,1,48.559100000000001,2.8320000000000001E-2
808,1,48.563000000000002,2.8320000000000001E-2
809,1,48.566800000000001,2.8320000000000001E-2
810,1,48.570599999999999,2.8320000000000001E-2
811,1,48.574399999999997,2.8320000000000001E-2
812,1,48.578200000000002,2.8330000000000001E-2
813,1,48.581899999999997,2.8330000000000001E-2
814,1,48.585700000000003,2.8330000000000001E-2
815,1,48.589500000000001,2.8330000000000001E-2
816,1,48.593299999999999,2.8330000000000001E-2
817,1,48.597000000000001,2.8330000000000001E-2
818,1,48.6008,2.8330000000000001E-2
819,1,48.604500000000002,2.8340000000000001E-2
820,1,48.6083,2.8340000000000001E-2
821,1,48.612000000000002,2.8340000000000001E-2
822,1,48.6158,2.8340000000000001E-2
823,1,48.619500000000002,2.8340000000000001E-2
824,1,48.623199999999997,2.8340000000000001E-2
825,1,48.627000000000002,2.8340000000000001E-2
826,1,48.630699999999997,2.835E-2
827,1,48.634399999999999,2.835E-2
828,1,48.638100000000001,2.835E-2
829,1,48.641800000000003,2.835E-2
830,1,48.645499999999998,2.835E-2
831,1,48.6492,2.835E-2
832,1,48.652900000000002,2.835E-2
833,1,48.656599999999997,2.835E-2
834,1,48.660200000000003,2.836E-2
835,1,48.663899999999998,2.836E-2
836,1,48.6676,2.836E-2
837,1,48.671199999999999,2.836E-2
838,1,48.674900000000001,2.836E-2
839,1,48.6785,2.836E-2
840,1,48.682200000000002,2.836E-2
841,1,48.6858,2.8369999999999999E-2
842,1,48.689500000000002,2.8369999999999999E-2
843,1,48.693100000000001,2.8369999999999999E-2
844,1,48.6967,2.8369999999999999E-2
845,1,48.700299999999999,2.8369999999999999E-2
846,1,48.703899999999997,2.8369999999999999E-2
847,1,48.707599999999999,2.8369999999999999E-2
848,1,48.711199999999998,2.8379999999999999E-2
849,1,48.714799999999997,2.8379999999999999E-2
850,1,48.718400000000003,2.8379999999999999E-2
851,1,48.721899999999998,2.8379999999999999E-2
852,1,48.725499999999997,2.8379999999999999E-2
853,1,48.729100000000003,2.8379999999999999E-2
854,1,48.732700000000001,2.8379999999999999E-2
855,1,48.7363,2.8389999999999999E-2
856,1,48.739800000000002,2.8389999999999999E-2
857,1,48.743400000000001,2.8389999999999999E-2
858,1,48.746899999999997,2.8389999999999999E-2
859,1,48.750500000000002,2.8389999999999999E-2
860,1,48.753999999999998,2.8389999999999999E-2
861,1,48.757599999999996,2.8389999999999999E-2
862,1,48.761099999999999,2.8400000000000002E-2
863,1,48.764600000000002,2.8400000000000002E-2
864,1,48.768099999999997,2.8400000000000002E-2
865,1,48.771700000000003,2.8400000000000002E-2
866,1,48.775199999999998,2.8400000000000002E-2
867,1,48.778700000000001,2.8400000000000002E-2
868,1,48.782200000000003,2.8400000000000002E-2
869,1,48.785699999999999,2.8410000000000001E-2
870,1,48.789200000000001,2.8410000000000001E-2
871,1,48.792700000000004,2.8410000000000001E-2
872,1,48.796199999999999,2.8410000000000001E-2
873,1,48.799599999999998,2.8410000000000001E-2
874,1,48.803100000000001,2.8410000000000001E-2
875,1,48.806600000000003,2.8410000000000001E-2
876,1,48.81,2.8420000000000001E-2
877,1,48.813499999999998,2.8420000000000001E-2
878,1,48.816899999999997,2.8420000000000001E-2
879,1,48.820399999999999,2.8420000000000001E-2
880,1,48.823799999999999,2.8420000000000001E-2
881,1,48.827300000000001,2.8420000000000001E-2
882,1,48.8307,2.8420000000000001E-2
883,1,48.834099999999999,2.843E-2
884,1,48.837600000000002,2.843E-2
885,1,48.841000000000001,2.843E-2
886,1,48.8444,2.843E-2
887,1,48.847799999999999,2.843E-2
888,1,48.851199999999999,2.843E-2
889,1,48.854599999999998,2.843E-2
890,1,48.857999999999997,2.843E-2
891,1,48.861400000000003,2.844E-2
892,1,48.864800000000002,2.844E-2
893,1,48.868099999999998,2.844E-2
894,1,48.871499999999997,2.844E-2
895,1,48.874899999999997,2.844E-2
896,1,48.878300000000003,2.844E-2
897,1,48.881599999999999,2.844E-2
898,1,48.884999999999998,2.845E-2
899,1,48.888300000000001,2.845E-2
900,1,48.8917,2.845E-2
901,1,48.895000000000003,2.845E-2
902,1,48.898299999999999,2.845E-2
903,1,48.901699999999998,2.845E-2
904,1,48.905000000000001,2.845E-2
905,1,48.908299999999997,2.8459999999999999E-2
906,1,48.9116,2.8459999999999999E-2
907,1,48.914900000000003,2.8459999999999999E-2
908,1,48.918199999999999,2.8459999999999999E-2
909,1,48.921500000000002,2.8459999999999999E-2
910,1,48.924799999999998,2.8459999999999999E-2
911,1,48.928100000000001,2.8459999999999999E-2
912,1,48.931399999999996,2.8469999999999999E-2
913,1,48.934699999999999,2.8469999999999999E-2
914,1,48.938000000000002,2.8469999999999999E-2
915,1,48.941299999999998,2.8469999999999999E-2
916,1,48.944499999999998,2.8469999999999999E-2
917,1,48.947800000000001,2.8469999999999999E-2
918,1,48.951000000000001,2.8469999999999999E-2
919,1,48.954300000000003,2.8479999999999998E-2
920,1,48.957500000000003,2.8479999999999998E-2
921,1,48.960799999999999,2.8479999999999998E-2
922,1,48.963999999999999,2.8479999999999998E-2
923,1,48.967300000000002,2.8479999999999998E-2
924,1,48.970500000000001,2.8479999999999998E-2
925,1,48.973700000000001,2.8479999999999998E-2
926,1,48.976900000000001,2.8479999999999998E-2
927,1,48.980200000000004,2.8490000000000001E-2
928,1,48.983400000000003,2.8490000000000001E-2
929,1,48.986600000000003,2.8490000000000001E-2
930,1,48.989800000000002,2.8490000000000001E-2
931,1,48.993000000000002,2.8490000000000001E-2
932,1,48.996200000000002,2.8490000000000001E-2
933,1,48.999299999999998,2.8490000000000001E-2
934,1,49.002499999999998,2.8500000000000001E-2
935,1,49.005699999999997,2.8500000000000001E-2
936,1,49.008899999999997,2.8500000000000001E-2
937,1,49.012099999999997,2.8500000000000001E-2
938,1,49.0152,2.8500000000000001E-2
939,1,49.0184,2.8500000000000001E-2
940,1,49.021500000000003,2.8500000000000001E-2
941,1,49.024700000000003,2.8510000000000001E-2
942,1,49.027799999999999,2.8510000000000001E-2
943,1,49.030999999999999,2.8510000000000001E-2
944,1,49.034100000000002,2.8510000000000001E-2
945,1,49.037199999999999,2.8510000000000001E-2
946,1,49.040399999999998,2.8510000000000001E-2
947,1,49.043500000000002,2.8510000000000001E-2
948,1,49.046599999999998,2.852E-2
949,1,49.049700000000001,2.852E-2
950,1,49.052799999999998,2.852E-2
951,1,49.055900000000001,2.852E-2
952,1,49.058999999999997,2.852E-2
953,1,49.062100000000001,2.852E-2
954,1,49.065199999999997,2.852E-2
955,1,49.068300000000001,2.852E-2
956,1,49.071399999999997,2.853E-2
957,1,49.074399999999997,2.853E-2
958,1,49.077500000000001,2.853E-2
959,1,49.080599999999997,2.853E-2
960,1,49.083599999999997,2.853E-2
961,1,49.0867,2.853E-2
962,1,49.089799999999997,2.853E-2
963,1,49.092799999999997,2.8539999999999999E-2
964,1,49.095799999999997,2.8539999999999999E-2
965,1,49.0989,2.8539999999999999E-2
966,1,49.101900000000001,2.8539999999999999E-2
967,1,49.104900000000001,2.8539999999999999E-2
968,1,49.107999999999997,2.8539999999999999E-2
969,1,49.110999999999997,2.8539999999999999E-2
970,1,49.113999999999997,2.8539999999999999E-2
971,1,49.116999999999997,2.8549999999999999E-2
972,1,49.12,2.8549999999999999E-2
973,1,49.122999999999998,2.8549999999999999E-2
974,1,49.125999999999998,2.8549999999999999E-2
975,1,49.128999999999998,2.8549999999999999E-2
976,1,49.131999999999998,2.8549999999999999E-2
977,1,49.134999999999998,2.8549999999999999E-2
978,1,49.137999999999998,2.8559999999999999E-2
979,1,49.140999999999998,2.8559999999999999E-2
980,1,49.143900000000002,2.8559999999999999E-2
981,1,49.146900000000002,2.8559999999999999E-2
982,1,49.149900000000002,2.8559999999999999E-2
983,1,49.152799999999999,2.8559999999999999E-2
984,1,49.155799999999999,2.8559999999999999E-2
985,1,49.158799999999999,2.8570000000000002E-2
986,1,49.161700000000003,2.8570000000000002E-2
987,1,49.1646,2.8570000000000002E-2
988,1,49.1676,2.8570000000000002E-2
989,1,49.170499999999997,2.8570000000000002E-2
990,1,49.173499999999997,2.8570000000000002E-2
991,1,49.176400000000001,2.8570000000000002E-2
992,1,49.179299999999998,2.8570000000000002E-2
993,1,49.182200000000002,2.8580000000000001E-2
994,1,49.185099999999998,2.8580000000000001E-2
995,1,49.188000000000002,2.8580000000000001E-2
996,1,49.190899999999999,2.8580000000000001E-2
997,1,49.193800000000003,2.8580000000000001E-2
998,1,49.1967,2.8580000000000001E-2
999,1,49.199599999999997,2.8580000000000001E-2
1000,1,49.202500000000001,2.8590000000000001E-2
1001,1,49.205399999999997,2.8590000000000001E-2
1002,1,49.208300000000001,2.8590000000000001E-2
1003,1,49.211199999999998,2.8590000000000001E-2
1004,1,49.213999999999999,2.8590000000000001E-2
1005,1,49.216900000000003,2.8590000000000001E-2
1006,1,49.219799999999999,2.8590000000000001E-2
1007,1,49.2226,2.8590000000000001E-2
1008,1,49.225499999999997,2.86E-2
1009,1,49.228299999999997,2.86E-2
1010,1,49.231200000000001,2.86E-2
1011,1,49.234000000000002,2.86E-2
1012,1,49.236899999999999,2.86E-2
1013,1,49.239699999999999,2.86E-2
1014,1,49.2425,2.86E-2
1015,1,49.245399999999997,2.861E-2
1016,1,49.248199999999997,2.861E-2
1017,1,49.250999999999998,2.861E-2
1018,1,49.253799999999998,2.861E-2
1019,1,49.256599999999999,2.861E-2
1020,1,49.259399999999999,2.861E-2
1021,1,49.2622,2.861E-2
1022,1,49.265000000000001,2.861E-2
1023,1,49.267800000000001,2.862E-2
1024,1,49.270600000000002,2.862E-2
1025,1,49.273400000000002,2.862E-2
1026,1,49.276200000000003,2.862E-2
1027,1,49.279000000000003,2.862E-2
1028,1,49.281799999999997,2.862E-2
1029,1,49.284500000000001,2.862E-2
1030,1,49.287300000000002,2.862E-2
1031,1,49.290100000000002,2.8629999999999999E-2
1032,1,49.2928,2.8629999999999999E-2
1033,1,49.2956,2.8629999999999999E-2
1034,1,49.298299999999998,2.8629999999999999E-2
1035,1,49.301099999999998,2.8629999999999999E-2
1036,1,49.303800000000003,2.8629999999999999E-2
1037,1,49.306600000000003,2.8629999999999999E-2
1038,1,49.3093,2.8639999999999999E-2
1039,1,49.311999999999998,2.8639999999999999E-2
1040,1,49.314799999999998,2.8639999999999999E-2
1041,1,49.317500000000003,2.8639999999999999E-2
1042,1,49.3202,2.8639999999999999E-2
1043,1,49.322899999999997,2.8639999999999999E-2
1044,1,49.325699999999998,2.8639999999999999E-2
1045,1,49.328400000000002,2.8639999999999999E-2
1046,1,49.331099999999999,2.8649999999999998E-2
1047,1,49.333799999999997,2.8649999999999998E-2
1048,1,49.336500000000001,2.8649999999999998E-2
1049,1,49.339199999999998,2.8649999999999998E-2
1050,1,49.341900000000003,2.8649999999999998E-2
1051,1,49.3446,2.8649999999999998E-2
1052,1,49.347200000000001,2.8649999999999998E-2
1053,1,49.349899999999998,2.8649999999999998E-2
1054,1,49.352600000000002,2.8660000000000001E-2
1055,1,49.3553,2.8660000000000001E-2
1056,1,49.357900000000001,2.8660000000000001E-2
1057,1,49.360599999999998,2.8660000000000001E-2
1058,1,49.363300000000002,2.8660000000000001E-2
1059,1,49.365900000000003,2.8660000000000001E-2
1060,1,49.368600000000001,2.8660000000000001E-2
1061,1,49.371200000000002,2.8670000000000001E-2
1062,1,49.373899999999999,2.8670000000000001E-2
1063,1,49.3765,2.8670000000000001E-2
1064,1,49.379199999999997,2.8670000000000001E-2
1065,1,49.381799999999998,2.8670000000000001E-2
1066,1,49.384399999999999,2.8670000000000001E-2
1067,1,49.387099999999997,2.8670000000000001E-2
1068,1,49.389699999999998,2.8670000000000001E-2
1069,1,49.392299999999999,2.8680000000000001E-2
1070,1,49.395000000000003,2.8680000000000001E-2
1071,1,49.397599999999997,2.8680000000000001E-2
1072,1,49.400199999999998,2.8680000000000001E-2
1073,1,49.402799999999999,2.8680000000000001E-2
1074,1,49.4054,2.8680000000000001E-2
1075,1,49.408000000000001,2.8680000000000001E-2
1076,1,49.410600000000002,2.8680000000000001E-2
1077,1,49.413200000000003,2.869E-2
1078,1,49.415799999999997,2.869E-2
1079,1,49.418399999999998,2.869E-2
1080,1,49.420999999999999,2.869E-2
1081,1,49.423499999999997,2.869E-2
1082,1,49.426099999999998,2.869E-2
1083,1,49.428699999999999,2.869E-2
1084,1,49.4313,2.869E-2
1085,1,49.433799999999998,2.87E-2
1086,1,49.436399999999999,2.87E-2
1087,1,49.439,2.87E-2
1088,1,49.441499999999998,2.87E-2
1089,1,49.444099999999999,2.87E-2
1090,1,49.446599999999997,2.87E-2
1091,1,49.449199999999998,2.87E-2
1092,1,49.451700000000002,2.87E-2
1093,1,49.454300000000003,2.8709999999999999E-2
1094,1,49.456800000000001,2.8709999999999999E-2
1095,1,49.459299999999999,2.8709999999999999E-2
1096,1,49.4619,2.8709999999999999E-2
1097,1,49.464399999999998,2.8709999999999999E-2
1098,1,49.466900000000003,2.8709999999999999E-2
1099,1,49.4694,2.8709999999999999E-2
1100,1,49.471899999999998,2.8709999999999999E-2
1101,1,49.474499999999999,2.8719999999999999E-2
1102,1,49.476999999999997,2.8719999999999999E-2
1103,1,49.479500000000002,2.8719999999999999E-2
1104,1,49.481999999999999,2.8719999999999999E-2
1105,1,49.484499999999997,2.8719999999999999E-2
1106,1,49.487000000000002,2.8719999999999999E-2
1107,1,49.4895,2.8719999999999999E-2
1108,1,49.491999999999997,2.8719999999999999E-2
1109,1,49.494399999999999,2.8729999999999999E-2
1110,1,49.496899999999997,2.8729999999999999E-2
1111,1,49.499400000000001,2.8729999999999999E-2
1112,1,49.501899999999999,2.8729999999999999E-2
1113,1,49.504399999999997,2.8729999999999999E-2
1114,1,49.506799999999998,2.8729999999999999E-2
1115,1,49.509300000000003,2.8729999999999999E-2
1116,1,49.511800000000001,2.8729999999999999E-2
1117,1,49.514200000000002,2.8740000000000002E-2
1118,1,49.5167,2.8740000000000002E-2
1119,1,49.519100000000002,2.8740000000000002E-2
1120,1,49.521599999999999,2.8740000000000002E-2
1121,1,49.524000000000001,2.8740000000000002E-2
1122,1,49.526499999999999,2.8740000000000002E-2
1123,1,49.5289,2.8740000000000002E-2
1124,1,49.531399999999998,2.8740000000000002E-2
1125,1,49.533799999999999,2.8750000000000001E-2
1126,1,49.536200000000001,2.8750000000000001E-2
1127,1,49.538699999999999,2.8750000000000001E-2
1128,1,49.5411,2.8750000000000001E-2
1129,1,49.543500000000002,2.8750000000000001E-2
1130,1,49.545900000000003,2.8750000000000001E-2
1131,1,49.548299999999998,2.8750000000000001E-2
1132,1,49.550800000000002,2.8750000000000001E-2
1133,1,49.553199999999997,2.8760000000000001E-2
1134,1,49.555599999999998,2.8760000000000001E-2
1135,1,49.558,2.8760000000000001E-2
1136,1,49.560400000000001,2.8760000000000001E-2
1137,1,49.562800000000003,2.8760000000000001E-2
1138,1,49.565199999999997,2.8760000000000001E-2
1139,1,49.567599999999999,2.8760000000000001E-2
1140,1,49.57,2.8760000000000001E-2
1141,1,49.572299999999998,2.877E-2
1142,1,49.5747,2.877E-2
1143,1,49.577100000000002,2.877E-2
1144,1,49.579500000000003,2.877E-2
1145,1,49.581899999999997,2.877E-2
1146,1,49.584200000000003,2.877E-2
1147,1,49.586599999999997,2.877E-2
1148,1,49.588999999999999,2.877E-2
1149,1,49.591299999999997,2.878E-2
1150,1,49.593699999999998,2.878E-2
1151,1,49.5961,2.878E-2
1152,1,49.598399999999998,2.878E-2
1153,1,49.6008,2.878E-2
1154,1,49.603099999999998,2.878E-2
1155,1,49.605400000000003,2.878E-2
1156,1,49.607799999999997,2.878E-2
1157,1,49.610100000000003,2.878E-2
1158,1,49.612499999999997,2.879E-2
1159,1,49.614800000000002,2.879E-2
1160,1,49.617100000000001,2.879E-2
1161,1,49.619500000000002,2.879E-2
1162,1,49.6218,2.879E-2
1163,1,49.624099999999999,2.879E-2
1164,1,49.626399999999997,2.879E-2
1165,1,49.628700000000002,2.879E-2
1166,1,49.631100000000004,2.8799999999999999E-2
1167,1,49.633400000000002,2.8799999999999999E-2
1168,1,49.6357,2.8799999999999999E-2
1169,1,49.637999999999998,2.8799999999999999E-2
1170,1,49.640300000000003,2.8799999999999999E-2
1171,1,49.642600000000002,2.8799999999999999E-2
1172,1,49.6449,2.8799999999999999E-2
1173,1,49.647199999999998,2.8799999999999999E-2
1174,1,49.649500000000003,2.8809999999999999E-2
1175,1,49.651699999999998,2.8809999999999999E-2
1176,1,49.654000000000003,2.8809999999999999E-2
1177,1,49.656300000000002,2.8809999999999999E-2
1178,1,49.6586,2.8809999999999999E-2
1179,1,49.660899999999998,2.8809999999999999E-2
1180,1,49.6631,2.8809999999999999E-2
1181,1,49.665399999999998,2.8809999999999999E-2
1182,1,49.667700000000004,2.8819999999999998E-2
1183,1,49.67,2.8819999999999998E-2
1184,1,49.672199999999997,2.8819999999999998E-2
1185,1,49.674500000000002,2.8819999999999998E-2
1186,1,49.676699999999997,2.8819999999999998E-2
1187,1,49.679000000000002,2.8819999999999998E-2
1188,1,49.681199999999997,2.8819999999999998E-2
1189,1,49.683500000000002,2.8819999999999998E-2
1190,1,49.685699999999997,2.8819999999999998E-2
1191,1,49.688000000000002,2.8830000000000001E-2
1192,1,49.690199999999997,2.8830000000000001E-2
1193,1,49.692500000000003,2.8830000000000001E-2
1194,1,49.694699999999997,2.8830000000000001E-2
1195,1,49.696899999999999,2.8830000000000001E-2
1196,1,49.699199999999998,2.8830000000000001E-2
1197,1,49.7014,2.8830000000000001E-2
1198,1,49.703600000000002,2.8830000000000001E-2
1199,1,49.7059,2.8840000000000001E-2
1200,1,49.708100000000002,2.8840000000000001E-2
1201,1,49.710299999999997,2.8840000000000001E-2
1202,1,49.712499999999999,2.8840000000000001E-2
1203,1,49.714700000000001,2.8840000000000001E-2
1204,1,49.716900000000003,2.8840000000000001E-2
1205,1,49.719099999999997,2.8840000000000001E-2
1206,1,49.721299999999999,2.8840000000000001E-2
1207,1,49.723500000000001,2.8840000000000001E-2
1208,1,49.725700000000003,2.8850000000000001E-2
1209,1,49.727899999999998,2.8850000000000001E-2
1210,1,49.7301,2.8850000000000001E-2
1211,1,49.732300000000002,2.8850000000000001E-2
1212,1,49.734499999999997,2.8850000000000001E-2
1213,1,49.736699999999999,2.8850000000000001E-2
1214,1,49.738900000000001,2.8850000000000001E-2
1215,1,49.741100000000003,2.8850000000000001E-2
1216,1,49.743299999999998,2.886E-2
1217,1,49.745399999999997,2.886E-2
1218,1,49.747599999999998,2.886E-2
1219,1,49.7498,2.886E-2
1220,1,49.752000000000002,2.886E-2
1221,1,49.754100000000001,2.886E-2
1222,1,49.756300000000003,2.886E-2
1223,1,49.758400000000002,2.886E-2
1224,1,49.760599999999997,2.886E-2
1225,1,49.762799999999999,2.887E-2
1226,1,49.764899999999997,2.887E-2
1227,1,49.767099999999999,2.887E-2
1228,1,49.769199999999998,2.887E-2
1229,1,49.7714,2.887E-2
1230,1,49.773499999999999,2.887E-2
1231,1,49.775700000000001,2.887E-2
1232,1,49.777799999999999,2.887E-2
1233,1,49.779899999999998,2.887E-2
1234,1,49.7821,2.8879999999999999E-2
1235,1,49.784199999999998,2.8879999999999999E-2
1236,1,49.786299999999997,2.8879999999999999E-2
1237,1,49.788499999999999,2.8879999999999999E-2
1238,1,49.790599999999998,2.8879999999999999E-2
1239,1,49.792700000000004,2.8879999999999999E-2
1240,1,49.794800000000002,2.8879999999999999E-2
1241,1,49.796999999999997,2.8879999999999999E-2
1242,1,49.799100000000003,2.8889999999999999E-2
1243,1,49.801200000000001,2.8889999999999999E-2
1244,1,49.8033,2.8889999999999999E-2
1245,1,49.805399999999999,2.8889999999999999E-2
1246,1,49.807499999999997,2.8889999999999999E-2
1247,1,49.809600000000003,2.8889999999999999E-2
1248,1,49.811700000000002,2.8889999999999999E-2
1249,1,49.813800000000001,2.8889999999999999E-2
1250,1,49.815899999999999,2.8889999999999999E-2
1251,1,49.817999999999998,2.8899999999999999E-2
1252,1,49.820099999999996,2.8899999999999999E-2
1253,1,49.822200000000002,2.8899999999999999E-2
1254,1,49.824300000000001,2.8899999999999999E-2
1255,1,49.8264,2.8899999999999999E-2
1256,1,49.828499999999998,2.8899999999999999E-2
1257,1,49.830500000000001,2.8899999999999999E-2
1258,1,49.832599999999999,2.8899999999999999E-2
1259,1,49.834699999999998,2.8899999999999999E-2
1260,1,49.836799999999997,2.8910000000000002E-2
1261,1,49.838900000000002,2.8910000000000002E-2
1262,1,49.840899999999998,2.8910000000000002E-2
1263,1,49.843000000000004,2.8910000000000002E-2
1264,1,49.845100000000002,2.8910000000000002E-2
1265,1,49.847099999999998,2.8910000000000002E-2
1266,1,49.849200000000003,2.8910000000000002E-2
1267,1,49.851199999999999,2.8910000000000002E-2
1268,1,49.853299999999997,2.8910000000000002E-2
1269,1,49.855400000000003,2.8920000000000001E-2
1270,1,49.857399999999998,2.8920000000000001E-2
1271,1,49.859499999999997,2.8920000000000001E-2
1272,1,49.861499999999999,2.8920000000000001E-2
1273,1,49.863500000000002,2.8920000000000001E-2
1274,1,49.865600000000001,2.8920000000000001E-2
1275,1,49.867600000000003,2.8920000000000001E-2
1276,1,49.869700000000002,2.8920000000000001E-2
1277,1,49.871699999999997,2.8920000000000001E-2
1278,1,49.873699999999999,2.8930000000000001E-2
1279,1,49.875799999999998,2.8930000000000001E-2
1280,1,49.877800000000001,2.8930000000000001E-2
1281,1,49.879800000000003,2.8930000000000001E-2
1282,1,49.881900000000002,2.8930000000000001E-2
1283,1,49.883899999999997,2.8930000000000001E-2
1284,1,49.885899999999999,2.8930000000000001E-2
1285,1,49.887900000000002,2.8930000000000001E-2
1286,1,49.889899999999997,2.8930000000000001E-2
1287,1,49.8919,2.894E-2
1288,1,49.893999999999998,2.894E-2
1289,1,49.896000000000001,2.894E-2
1290,1,49.898000000000003,2.894E-2
1291,1,49.9,2.894E-2
1292,1,49.902000000000001,2.894E-2
1293,1,49.904000000000003,2.894E-2
1294,1,49.905999999999999,2.894E-2
1295,1,49.908000000000001,2.894E-2
1296,1,49.91,2.895E-2
1297,1,49.911999999999999,2.895E-2
1298,1,49.914000000000001,2.895E-2
1299,1,49.915999999999997,2.895E-2
1300,1,49.917900000000003,2.895E-2
1301,1,49.919899999999998,2.895E-2
1302,1,49.921900000000001,2.895E-2
1303,1,49.923900000000003,2.895E-2
1304,1,49.925899999999999,2.895E-2
1305,1,49.927799999999998,2.896E-2
1306,1,49.9298,2.896E-2
1307,1,49.931800000000003,2.896E-2
1308,1,49.933799999999998,2.896E-2
1309,1,49.935699999999997,2.896E-2
1310,1,49.9377,2.896E-2
1311,1,49.939700000000002,2.896E-2
1312,1,49.941600000000001,2.896E-2
1313,1,49.943600000000004,2.896E-2
1314,1,49.945500000000003,2.8969999999999999E-2
1315,1,49.947499999999998,2.8969999999999999E-2
1316,1,49.949399999999997,2.8969999999999999E-2
1317,1,49.9514,2.8969999999999999E-2
1318,1,49.953299999999999,2.8969999999999999E-2
1319,1,49.955300000000001,2.8969999999999999E-2
1320,1,49.9572,2.8969999999999999E-2
1321,1,49.959200000000003,2.8969999999999999E-2
1322,1,49.961100000000002,2.8969999999999999E-2
1323,1,49.963000000000001,2.8979999999999999E-2
1324,1,49.965000000000003,2.8979999999999999E-2
1325,1,49.966900000000003,2.8979999999999999E-2
1326,1,49.968800000000002,2.8979999999999999E-2
1327,1,49.970799999999997,2.8979999999999999E-2
1328,1,49.972700000000003,2.8979999999999999E-2
1329,1,49.974600000000002,2.8979999999999999E-2
1330,1,49.976500000000001,2.8979999999999999E-2
1331,1,49.978499999999997,2.8979999999999999E-2
1332,1,49.980400000000003,2.8989999999999998E-2
1333,1,49.982300000000002,2.8989999999999998E-2
1334,1,49.984200000000001,2.8989999999999998E-2
1335,1,49.9861,2.8989999999999998E-2
1336,1,49.988,2.8989999999999998E-2
1337,1,49.99,2.8989999999999998E-2
1338,1,49.991900000000001,2.8989999999999998E-2
1339,1,49.9938,2.8989999999999998E-2
1340,1,49.995699999999999,2.8989999999999998E-2
1341,1,49.997599999999998,2.9000000000000001E-2
1342,1,49.999499999999998,2.9000000000000001E-2
1343,1,50.001399999999997,2.9000000000000001E-2
1344,1,50.003300000000003,2.9000000000000001E-2
1345,1,50.005099999999999,2.9000000000000001E-2
1346,1,50.006999999999998,2.9000000000000001E-2
1347,1,50.008899999999997,2.9000000000000001E-2
1348,1,50.010800000000003,2.9000000000000001E-2
1349,1,50.012700000000002,2.9000000000000001E-2
1350,1,50.014600000000002,2.9000000000000001E-2
1351,1,50.016500000000001,2.9010000000000001E-2
1352,1,50.018300000000004,2.9010000000000001E-2
1353,1,50.020200000000003,2.9010000000000001E-2
1354,1,50.022100000000002,2.9010000000000001E-2
1355,1,50.024000000000001,2.9010000000000001E-2
1356,1,50.025799999999997,2.9010000000000001E-2
1357,1,50.027700000000003,2.9010000000000001E-2
1358,1,50.029600000000002,2.9010000000000001E-2
1359,1,50.031399999999998,2.9010000000000001E-2
1360,1,50.033299999999997,2.9020000000000001E-2
1361,1,50.0351,2.9020000000000001E-2
1362,1,50.036999999999999,2.9020000000000001E-2
1363,1,50.038899999999998,2.9020000000000001E-2
1364,1,50.040700000000001,2.9020000000000001E-2
1365,1,50.0426,2.9020000000000001E-2
1366,1,50.044400000000003,2.9020000000000001E-2
1367,1,50.046300000000002,2.9020000000000001E-2
1368,1,50.048099999999998,2.9020000000000001E-2
1369,1,50.05,2.903E-2
1370,1,50.0518,2.903E-2
1371,1,50.053600000000003,2.903E-2
1372,1,50.055500000000002,2.903E-2
1373,1,50.057299999999998,2.903E-2
1374,1,50.059100000000001,2.903E-2
1375,1,50.061,2.903E-2
1376,1,50.062800000000003,2.903E-2
1377,1,50.064599999999999,2.903E-2
1378,1,50.066499999999998,2.903E-2
1379,1,50.068300000000001,2.904E-2
1380,1,50.070099999999996,2.904E-2
1381,1,50.071899999999999,2.904E-2
1382,1,50.073700000000002,2.904E-2
1383,1,50.075600000000001,2.904E-2
1384,1,50.077399999999997,2.904E-2
1385,1,50.0792,2.904E-2
1386,1,50.081000000000003,2.904E-2
1387,1,50.082799999999999,2.904E-2
1388,1,50.084600000000002,2.9049999999999999E-2
1389,1,50.086399999999998,2.9049999999999999E-2
1390,1,50.088200000000001,2.9049999999999999E-2
1391,1,50.09,2.9049999999999999E-2
1392,1,50.091799999999999,2.9049999999999999E-2
1393,1,50.093600000000002,2.9049999999999999E-2
1394,1,50.095399999999998,2.9049999999999999E-2
1395,1,50.097200000000001,2.9049999999999999E-2
1396,1,50.098999999999997,2.9049999999999999E-2
1397,1,50.1008,2.9049999999999999E-2
1398,1,50.102600000000002,2.9059999999999999E-2
1399,1,50.104399999999998,2.9059999999999999E-2
1400,1,50.106200000000001,2.9059999999999999E-2
1401,1,50.107900000000001,2.9059999999999999E-2
1402,1,50.109699999999997,2.9059999999999999E-2
1403,1,50.111499999999999,2.9059999999999999E-2
1404,1,50.113300000000002,2.9059999999999999E-2
1405,1,50.115000000000002,2.9059999999999999E-2
1406,1,50.116799999999998,2.9059999999999999E-2
1407,1,50.118600000000001,2.9059999999999999E-2
1408,1,50.120399999999997,2.9069999999999999E-2
1409,1,50.122100000000003,2.9069999999999999E-2
1410,1,50.123899999999999,2.9069999999999999E-2
1411,1,50.125700000000002,2.9069999999999999E-2
1412,1,50.127400000000002,2.9069999999999999E-2
1413,1,50.129199999999997,2.9069999999999999E-2
1414,1,50.130899999999997,2.9069999999999999E-2
1415,1,50.1327,2.9069999999999999E-2
1416,1,50.134500000000003,2.9069999999999999E-2
1417,1,50.136200000000002,2.9080000000000002E-2
1418,1,50.137999999999998,2.9080000000000002E-2
1419,1,50.139699999999998,2.9080000000000002E-2
1420,1,50.141500000000001,2.9080000000000002E-2
1421,1,50.1432,2.9080000000000002E-2
1422,1,50.1449,2.9080000000000002E-2
1423,1,50.146700000000003,2.9080000000000002E-2
1424,1,50.148400000000002,2.9080000000000002E-2
1425,1,50.150199999999998,2.9080000000000002E-2
1426,1,50.151899999999998,2.9080000000000002E-2
1427,1,50.153599999999997,2.9090000000000001E-2
1428,1,50.1554,2.9090000000000001E-2
1429,1,50.1571,2.9090000000000001E-2
1430,1,50.158799999999999,2.9090000000000001E-2
1431,1,50.160600000000002,2.9090000000000001E-2
1432,1,50.162300000000002,2.9090000000000001E-2
1433,1,50.164000000000001,2.9090000000000001E-2
1434,1,50.165700000000001,2.9090000000000001E-2
1435,1,50.167400000000001,2.9090000000000001E-2
1436,1,50.169199999999996,2.9090000000000001E-2
1437,1,50.170900000000003,2.9100000000000001E-2
1438,1,50.172600000000003,2.9100000000000001E-2
1439,1,50.174300000000002,2.9100000000000001E-2
1440,1,50.176000000000002,2.9100000000000001E-2
1441,1,50.177700000000002,2.9100000000000001E-2
1442,1,50.179400000000001,2.9100000000000001E-2
1443,1,50.181100000000001,2.9100000000000001E-2
1444,1,50.1828,2.9100000000000001E-2
1445,1,50.1845,2.9100000000000001E-2
1446,1,50.186199999999999,2.9100000000000001E-2
1447,1,50.187899999999999,2.911E-2
1448,1,50.189599999999999,2.911E-2
1449,1,50.191299999999998,2.911E-2
1450,1,50.192999999999998,2.911E-2
1451,1,50.194699999999997,2.911E-2
1452,1,50.196399999999997,2.911E-2
1453,1,50.198099999999997,2.911E-2
1454,1,50.199800000000003,2.911E-2
1455,1,50.201500000000003,2.911E-2
1456,1,50.203200000000002,2.912E-2
1457,1,50.204799999999999,2.912E-2
1458,1,50.206499999999998,2.912E-2
1459,1,50.208199999999998,2.912E-2
1460,1,50.209899999999998,2.912E-2
1461,1,50.211500000000001,2.912E-2
1462,1,50.213200000000001,2.912E-2
1463,1,50.2149,2.912E-2
1464,1,50.2166,2.912E-2
1465,1,50.218200000000003,2.912E-2
1466,1,50.219900000000003,2.913E-2
1467,1,50.221600000000002,2.913E-2
1468,1,50.223199999999999,2.913E-2
1469,1,50.224899999999998,2.913E-2
1470,1,50.226500000000001,2.913E-2
1471,1,50.228200000000001,2.913E-2
1472,1,50.229900000000001,2.913E-2
1473,1,50.231499999999997,2.913E-2
1474,1,50.233199999999997,2.913E-2
1475,1,50.2348,2.913E-2
1476,1,50.236499999999999,2.9139999999999999E-2
1477,1,50.238100000000003,2.9139999999999999E-2
1478,1,50.239800000000002,2.9139999999999999E-2
1479,1,50.241399999999999,2.9139999999999999E-2
1480,1,50.243099999999998,2.9139999999999999E-2
1481,1,50.244700000000002,2.9139999999999999E-2
1482,1,50.246299999999998,2.9139999999999999E-2
1483,1,50.247999999999998,2.9139999999999999E-2
1484,1,50.249600000000001,2.9139999999999999E-2
1485,1,50.251199999999997,2.9139999999999999E-2
1486,1,50.252899999999997,2.9139999999999999E-2
1487,1,50.2545,2.9149999999999999E-2
1488,1,50.256100000000004,2.9149999999999999E-2
1489,1,50.257800000000003,2.9149999999999999E-2
1490,1,50.259399999999999,2.9149999999999999E-2
1491,1,50.261000000000003,2.9149999999999999E-2
1492,1,50.262700000000002,2.9149999999999999E-2
1493,1,50.264299999999999,2.9149999999999999E-2
1494,1,50.265900000000002,2.9149999999999999E-2
1495,1,50.267499999999998,2.9149999999999999E-2
1496,1,50.269100000000002,2.9149999999999999E-2
1497,1,50.270699999999998,2.9159999999999998E-2
1498,1,50.272399999999998,2.9159999999999998E-2
1499,1,50.274000000000001,2.9159999999999998E-2
1500,1,50.275599999999997,2.9159999999999998E-2
1501,1,50.277200000000001,2.9159999999999998E-2
1502,1,50.278799999999997,2.9159999999999998E-2
1503,1,50.2804,2.9159999999999998E-2
1504,1,50.281999999999996,2.9159999999999998E-2
1505,1,50.2836,2.9159999999999998E-2
1506,1,50.285200000000003,2.9159999999999998E-2
1507,1,50.286799999999999,2.9170000000000001E-2
1508,1,50.288400000000003,2.9170000000000001E-2
1509,1,50.29,2.9170000000000001E-2
1510,1,50.291600000000003,2.9170000000000001E-2
1511,1,50.293199999999999,2.9170000000000001E-2
1512,1,50.294800000000002,2.9170000000000001E-2
1513,1,50.296399999999998,2.9170000000000001E-2
1514,1,50.298000000000002,2.9170000000000001E-2
1515,1,50.299599999999998,2.9170000000000001E-2
1516,1,50.301200000000001,2.9170000000000001E-2
1517,1,50.302799999999998,2.9180000000000001E-2
1518,1,50.304299999999998,2.9180000000000001E-2
1519,1,50.305900000000001,2.9180000000000001E-2
1520,1,50.307499999999997,2.9180000000000001E-2
1521,1,50.309100000000001,2.9180000000000001E-2
1522,1,50.310699999999997,2.9180000000000001E-2
1523,1,50.312199999999997,2.9180000000000001E-2
1524,1,50.313800000000001,2.9180000000000001E-2
1525,1,50.315399999999997,2.9180000000000001E-2
1526,1,50.317,2.9180000000000001E-2
1527,1,50.3185,2.9190000000000001E-2
1528,1,50.320099999999996,2.9190000000000001E-2
1529,1,50.3217,2.9190000000000001E-2
1530,1,50.3232,2.9190000000000001E-2
1531,1,50.324800000000003,2.9190000000000001E-2
1532,1,50.3264,2.9190000000000001E-2
1533,1,50.3279,2.9190000000000001E-2
1534,1,50.329500000000003,2.9190000000000001E-2
1535,1,50.331099999999999,2.9190000000000001E-2
1536,1,50.332599999999999,2.9190000000000001E-2
1537,1,50.334200000000003,2.9190000000000001E-2
1538,1,50.335700000000003,2.92E-2
1539,1,50.337299999999999,2.92E-2
1540,1,50.338799999999999,2.92E-2
1541,1,50.340400000000002,2.92E-2
1542,1,50.341900000000003,2.92E-2
1543,1,50.343499999999999,2.92E-2
1544,1,50.344999999999999,2.92E-2
1545,1,50.346600000000002,2.92E-2
1546,1,50.348100000000002,2.92E-2
1547,1,50.349699999999999,2.92E-2
1548,1,50.351199999999999,2.921E-2
1549,1,50.352699999999999,2.921E-2
1550,1,50.354300000000002,2.921E-2
1551,1,50.355800000000002,2.921E-2
1552,1,50.357300000000002,2.921E-2
1553,1,50.358899999999998,2.921E-2
1554,1,50.360399999999998,2.921E-2
1555,1,50.361899999999999,2.921E-2
1556,1,50.363500000000002,2.921E-2
1557,1,50.365000000000002,2.921E-2
1558,1,50.366500000000002,2.921E-2
1559,1,50.368099999999998,2.9219999999999999E-2
1560,1,50.369599999999998,2.9219999999999999E-2
1561,1,50.371099999999998,2.9219999999999999E-2
1562,1,50.372599999999998,2.9219999999999999E-2
1563,1,50.374099999999999,2.9219999999999999E-2
1564,1,50.375700000000002,2.9219999999999999E-2
1565,1,50.377200000000002,2.9219999999999999E-2
1566,1,50.378700000000002,2.9219999999999999E-2
1567,1,50.380200000000002,2.9219999999999999E-2
1568,1,50.381700000000002,2.9219999999999999E-2
1569,1,50.383200000000002,2.9229999999999999E-2
1570,1,50.384799999999998,2.9229999999999999E-2
1571,1,50.386299999999999,2.9229999999999999E-2
1572,1,50.387799999999999,2.9229999999999999E-2
1573,1,50.389299999999999,2.9229999999999999E-2
1574,1,50.390799999999999,2.9229999999999999E-2
1575,1,50.392299999999999,2.9229999999999999E-2
1576,1,50.393799999999999,2.9229999999999999E-2
1577,1,50.395299999999999,2.9229999999999999E-2
1578,1,50.396799999999999,2.9229999999999999E-2
1579,1,50.398299999999999,2.9229999999999999E-2
1580,1,50.399799999999999,2.9239999999999999E-2
1581,1,50.401299999999999,2.9239999999999999E-2
1582,1,50.402799999999999,2.9239999999999999E-2
1583,1,50.404299999999999,2.9239999999999999E-2
1584,1,50.405799999999999,2.9239999999999999E-2
1585,1,50.407299999999999,2.9239999999999999E-2
1586,1,50.408799999999999,2.9239999999999999E-2
1587,1,50.410200000000003,2.9239999999999999E-2
1588,1,50.411700000000003,2.9239999999999999E-2
1589,1,50.413200000000003,2.9239999999999999E-2
1590,1,50.414700000000003,2.9250000000000002E-2
1591,1,50.416200000000003,2.9250000000000002E-2
1592,1,50.417700000000004,2.9250000000000002E-2
1593,1,50.419199999999996,2.9250000000000002E-2
1594,1,50.4206,2.9250000000000002E-2
1595,1,50.4221,2.9250000000000002E-2
1596,1,50.4236,2.9250000000000002E-2
1597,1,50.4251,2.9250000000000002E-2
1598,1,50.426499999999997,2.9250000000000002E-2
1599,1,50.427999999999997,2.9250000000000002E-2
1600,1,50.429499999999997,2.9250000000000002E-2
1601,1,50.430999999999997,2.9260000000000001E-2
1602,1,50.432400000000001,2.9260000000000001E-2
1603,1,50.433900000000001,2.9260000000000001E-2
1604,1,50.435400000000001,2.9260000000000001E-2
1605,1,50.436799999999998,2.9260000000000001E-2
1606,1,50.438299999999998,2.9260000000000001E-2
1607,1,50.439799999999998,2.9260000000000001E-2
1608,1,50.441200000000002,2.9260000000000001E-2
1609,1,50.442700000000002,2.9260000000000001E-2
1610,1,50.444200000000002,2.9260000000000001E-2
1611,1,50.445599999999999,2.9260000000000001E-2
1612,1,50.447099999999999,2.9270000000000001E-2
1613,1,50.448500000000003,2.9270000000000001E-2
1614,1,50.45,2.9270000000000001E-2
1615,1,50.4514,2.9270000000000001E-2
1616,1,50.4529,2.9270000000000001E-2
1617,1,50.454300000000003,2.9270000000000001E-2
1618,1,50.455800000000004,2.9270000000000001E-2
1619,1,50.457299999999996,2.9270000000000001E-2
1620,1,50.4587,2.9270000000000001E-2
1621,1,50.460099999999997,2.9270000000000001E-2
1622,1,50.461599999999997,2.9270000000000001E-2
1623,1,50.463000000000001,2.928E-2
1624,1,50.464500000000001,2.928E-2
1625,1,50.465899999999998,2.928E-2
1626,1,50.467399999999998,2.928E-2
1627,1,50.468800000000002,2.928E-2
1628,1,50.470199999999998,2.928E-2
1629,1,50.471699999999998,2.928E-2
1630,1,50.473100000000002,2.928E-2
1631,1,50.474600000000002,2.928E-2
1632,1,50.475999999999999,2.928E-2
1633,1,50.477400000000003,2.929E-2
1634,1,50.478900000000003,2.929E-2
1635,1,50.4803,2.929E-2
1636,1,50.481699999999996,2.929E-2
1637,1,50.483199999999997,2.929E-2
1638,1,50.4846,2.929E-2
1639,1,50.485999999999997,2.929E-2
1640,1,50.487400000000001,2.929E-2
1641,1,50.488900000000001,2.929E-2
1642,1,50.490299999999998,2.929E-2
1643,1,50.491700000000002,2.929E-2
1644,1,50.493099999999998,2.93E-2
1645,1,50.494500000000002,2.93E-2
1646,1,50.496000000000002,2.93E-2
1647,1,50.497399999999999,2.93E-2
1648,1,50.498800000000003,2.93E-2
1649,1,50.5002,2.93E-2
1650,1,50.501600000000003,2.93E-2
1651,1,50.503,2.93E-2
1652,1,50.5045,2.93E-2
1653,1,50.505899999999997,2.93E-2
1654,1,50.507300000000001,2.93E-2
1655,1,50.508699999999997,2.9309999999999999E-2
1656,1,50.510100000000001,2.9309999999999999E-2
1657,1,50.511499999999998,2.9309999999999999E-2
1658,1,50.512900000000002,2.9309999999999999E-2
1659,1,50.514299999999999,2.9309999999999999E-2
1660,1,50.515700000000002,2.9309999999999999E-2
1661,1,50.517099999999999,2.9309999999999999E-2
1662,1,50.518500000000003,2.9309999999999999E-2
1663,1,50.5199,2.9309999999999999E-2
1664,1,50.521299999999997,2.9309999999999999E-2
1665,1,50.5227,2.9309999999999999E-2
1666,1,50.524099999999997,2.9319999999999999E-2
1667,1,50.525500000000001,2.9319999999999999E-2
1668,1,50.526899999999998,2.9319999999999999E-2
1669,1,50.528300000000002,2.9319999999999999E-2
1670,1,50.529699999999998,2.9319999999999999E-2
1671,1,50.531100000000002,2.9319999999999999E-2
1672,1,50.532499999999999,2.9319999999999999E-2
1673,1,50.533900000000003,2.9319999999999999E-2
1674,1,50.535299999999999,2.9319999999999999E-2
1675,1,50.536700000000003,2.9319999999999999E-2
1676,1,50.5381,2.9319999999999999E-2
1677,1,50.539499999999997,2.9329999999999998E-2
1678,1,50.540799999999997,2.9329999999999998E-2
1679,1,50.542200000000001,2.9329999999999998E-2
1680,1,50.543599999999998,2.9329999999999998E-2
1681,1,50.545000000000002,2.9329999999999998E-2
1682,1,50.546399999999998,2.9329999999999998E-2
1683,1,50.547800000000002,2.9329999999999998E-2
1684,1,50.549100000000003,2.9329999999999998E-2
1685,1,50.5505,2.9329999999999998E-2
1686,1,50.551900000000003,2.9329999999999998E-2
1687,1,50.5533,2.9329999999999998E-2
1688,1,50.554699999999997,2.9329999999999998E-2
1689,1,50.555999999999997,2.9340000000000001E-2
1690,1,50.557400000000001,2.9340000000000001E-2
1691,1,50.558799999999998,2.9340000000000001E-2
1692,1,50.560200000000002,2.9340000000000001E-2
1693,1,50.561500000000002,2.9340000000000001E-2
1694,1,50.562899999999999,2.9340000000000001E-2
1695,1,50.564300000000003,2.9340000000000001E-2
1696,1,50.565600000000003,2.9340000000000001E-2
1697,1,50.567,2.9340000000000001E-2
1698,1,50.568399999999997,2.9340000000000001E-2
1699,1,50.569699999999997,2.9340000000000001E-2
1700,1,50.571100000000001,2.9350000000000001E-2
1701,1,50.572499999999998,2.9350000000000001E-2
1702,1,50.573799999999999,2.9350000000000001E-2
1703,1,50.575200000000002,2.9350000000000001E-2
1704,1,50.576599999999999,2.9350000000000001E-2
1705,1,50.5779,2.9350000000000001E-2
1706,1,50.579300000000003,2.9350000000000001E-2
1707,1,50.5807,2.9350000000000001E-2
1708,1,50.582000000000001,2.9350000000000001E-2
1709,1,50.583399999999997,2.9350000000000001E-2
1710,1,50.584699999999998,2.9350000000000001E-2
1711,1,50.586100000000002,2.9360000000000001E-2
1712,1,50.587400000000002,2.9360000000000001E-2
1713,1,50.588799999999999,2.9360000000000001E-2
1714,1,50.5901,2.9360000000000001E-2
1715,1,50.591500000000003,2.9360000000000001E-2
1716,1,50.5929,2.9360000000000001E-2
1717,1,50.594200000000001,2.9360000000000001E-2
1718,1,50.595599999999997,2.9360000000000001E-2
1719,1,50.596899999999998,2.9360000000000001E-2
1720,1,50.598300000000002,2.9360000000000001E-2
1721,1,50.599600000000002,2.9360000000000001E-2
1722,1,50.600999999999999,2.937E-2
1723,1,50.6023,2.937E-2
1724,1,50.6036,2.937E-2
1725,1,50.604999999999997,2.937E-2
1726,1,50.606299999999997,2.937E-2
1727,1,50.607700000000001,2.937E-2
1728,1,50.609000000000002,2.937E-2
1729,1,50.610399999999998,2.937E-2
1730,1,50.611699999999999,2.937E-2
1731,1,50.613,2.937E-2
1732,1,50.614400000000003,2.937E-2
1733,1,50.615699999999997,2.937E-2
1734,1,50.617100000000001,2.938E-2
1735,1,50.618400000000001,2.938E-2
1736,1,50.619700000000002,2.938E-2
1737,1,50.621099999999998,2.938E-2
1738,1,50.622399999999999,2.938E-2
1739,1,50.623699999999999,2.938E-2
1740,1,50.625100000000003,2.938E-2
1741,1,50.626399999999997,2.938E-2
1742,1,50.627699999999997,2.938E-2
1743,1,50.629100000000001,2.938E-2
1744,1,50.630400000000002,2.938E-2
1745,1,50.631700000000002,2.9389999999999999E-2
1746,1,50.633099999999999,2.9389999999999999E-2
1747,1,50.634399999999999,2.9389999999999999E-2
1748,1,50.6357,2.9389999999999999E-2
1749,1,50.637,2.9389999999999999E-2
1750,1,50.638399999999997,2.9389999999999999E-2
1751,1,50.639699999999998,2.9389999999999999E-2
1752,1,50.640999999999998,2.9389999999999999E-2
1753,1,50.642299999999999,2.9389999999999999E-2
1754,1,50.643700000000003,2.9389999999999999E-2
1755,1,50.645000000000003,2.9389999999999999E-2
1756,1,50.646299999999997,2.9399999999999999E-2
1757,1,50.647599999999997,2.9399999999999999E-2
1758,1,50.649000000000001,2.9399999999999999E-2
1759,1,50.650300000000001,2.9399999999999999E-2
1760,1,50.651600000000002,2.9399999999999999E-2
1761,1,50.652900000000002,2.9399999999999999E-2
1762,1,50.654200000000003,2.9399999999999999E-2
1763,1,50.655500000000004,2.9399999999999999E-2
1764,1,50.6569,2.9399999999999999E-2
1765,1,50.658200000000001,2.9399999999999999E-2
1766,1,50.659500000000001,2.9399999999999999E-2
1767,1,50.660800000000002,2.9399999999999999E-2
1768,1,50.662100000000002,2.9409999999999999E-2
1769,1,50.663400000000003,2.9409999999999999E-2
1770,1,50.664700000000003,2.9409999999999999E-2
1771,1,50.6661,2.9409999999999999E-2
1772,1,50.667400000000001,2.9409999999999999E-2
1773,1,50.668700000000001,2.9409999999999999E-2
1774,1,50.67,2.9409999999999999E-2
1775,1,50.671300000000002,2.9409999999999999E-2
1776,1,50.672600000000003,2.9409999999999999E-2
1777,1,50.673900000000003,2.9409999999999999E-2
1778,1,50.675199999999997,2.9409999999999999E-2
1779,1,50.676499999999997,2.9409999999999999E-2
1780,1,50.677799999999998,2.9420000000000002E-2
1781,1,50.679099999999998,2.9420000000000002E-2
1782,1,50.680399999999999,2.9420000000000002E-2
1783,1,50.681699999999999,2.9420000000000002E-2
1784,1,50.683,2.9420000000000002E-2
1785,1,50.6843,2.9420000000000002E-2
1786,1,50.685600000000001,2.9420000000000002E-2
1787,1,50.686900000000001,2.9420000000000002E-2
1788,1,50.688200000000002,2.9420000000000002E-2
1789,1,50.689500000000002,2.9420000000000002E-2
1790,1,50.690800000000003,2.9420000000000002E-2
1791,1,50.692100000000003,2.9430000000000001E-2
1792,1,50.693399999999997,2.9430000000000001E-2
1793,1,50.694699999999997,2.9430000000000001E-2
1794,1,50.695999999999998,2.9430000000000001E-2
1795,1,50.697299999999998,2.9430000000000001E-2
1796,1,50.698599999999999,2.9430000000000001E-2
1797,1,50.6999,2.9430000000000001E-2
1798,1,50.7012,2.9430000000000001E-2
1799,1,50.702500000000001,2.9430000000000001E-2
1800,1,50.703800000000001,2.9430000000000001E-2
1801,1,50.705100000000002,2.9430000000000001E-2
1802,1,50.706400000000002,2.9430000000000001E-2
1803,1,50.707700000000003,2.9440000000000001E-2
1804,1,50.709000000000003,2.9440000000000001E-2
1805,1,50.7102,2.9440000000000001E-2
1806,1,50.711500000000001,2.9440000000000001E-2
1807,1,50.712800000000001,2.9440000000000001E-2
1808,1,50.714100000000002,2.9440000000000001E-2
1809,1,50.715400000000002,2.9440000000000001E-2
1810,1,50.716700000000003,2.9440000000000001E-2
1811,1,50.718000000000004,2.9440000000000001E-2
1812,1,50.719299999999997,2.9440000000000001E-2
1813,1,50.720500000000001,2.9440000000000001E-2
1814,1,50.721800000000002,2.9440000000000001E-2
1815,1,50.723100000000002,2.945E-2
1816,1,50.724400000000003,2.945E-2
1817,1,50.725700000000003,2.945E-2
1818,1,50.726900000000001,2.945E-2
1819,1,50.728200000000001,2.945E-2
1820,1,50.729500000000002,2.945E-2
1821,1,50.730800000000002,2.945E-2
1822,1,50.732100000000003,2.945E-2
1823,1,50.7333,2.945E-2
1824,1,50.7346,2.945E-2
1825,1,50.735900000000001,2.945E-2
1826,1,50.737200000000001,2.945E-2
1827,1,50.738399999999999,2.946E-2
1828,1,50.739699999999999,2.946E-2
1829,1,50.741,2.946E-2
1830,1,50.7423,2.946E-2
1831,1,50.743499999999997,2.946E-2
1832,1,50.744799999999998,2.946E-2
1833,1,50.746099999999998,2.946E-2
1834,1,50.747399999999999,2.946E-2
1835,1,50.748600000000003,2.946E-2
1836,1,50.749899999999997,2.946E-2
1837,1,50.751199999999997,2.946E-2
1838,1,50.752400000000002,2.947E-2
1839,1,50.753700000000002,2.947E-2
1840,1,50.755000000000003,2.947E-2
1841,1,50.7562,2.947E-2
1842,1,50.7575,2.947E-2
1843,1,50.758800000000001,2.947E-2
1844,1,50.76,2.947E-2
1845,1,50.761299999999999,2.947E-2
1846,1,50.762599999999999,2.947E-2
1847,1,50.763800000000003,2.947E-2
1848,1,50.765099999999997,2.947E-2
1849,1,50.766399999999997,2.947E-2
1850,1,50.767600000000002,2.9479999999999999E-2
1851,1,50.768900000000002,2.9479999999999999E-2
1852,1,50.770099999999999,2.9479999999999999E-2
1853,1,50.7714,2.9479999999999999E-2
1854,1,50.7727,2.9479999999999999E-2
1855,1,50.773899999999998,2.9479999999999999E-2
1856,1,50.775199999999998,2.9479999999999999E-2
